-- Lucent Agent: Agent Clients Portal Seed Data
-- This seed file creates realistic test data for clients, properties, deals, tasks, notes, alerts, and milestones
-- Uses deterministic UUIDs for idempotency (INSERT ... ON CONFLICT DO NOTHING)

-- ============================================================================
-- Teams (if not already seeded)
-- ============================================================================

INSERT INTO teams (id, name) VALUES
('10000000-0000-4000-8000-000000000001', 'Pacific Realty Group'),
('10000000-0000-4000-8000-000000000002', 'Bay Area Properties'),
('10000000-0000-4000-8000-000000000003', 'Coastal Real Estate')
ON CONFLICT (id) DO NOTHING;

-- ============================================================================
-- Profiles (Agents) - Note: These reference auth.users which must exist
-- For seed data, we'll assume these profiles exist or will be created separately
-- ============================================================================

-- Team 1 Agents
INSERT INTO profiles (id, team_id, email, first_name, last_name, role) VALUES
('20000000-0000-4000-8000-000000000001', '10000000-0000-4000-8000-000000000001', 'sarah.chen@pacificrealty.com', 'Sarah', 'Chen', 'agent'),
('20000000-0000-4000-8000-000000000002', '10000000-0000-4000-8000-000000000001', 'michael.rodriguez@pacificrealty.com', 'Michael', 'Rodriguez', 'agent'),
('20000000-0000-4000-8000-000000000003', '10000000-0000-4000-8000-000000000001', 'jennifer.kim@pacificrealty.com', 'Jennifer', 'Kim', 'agent'),
('20000000-0000-4000-8000-000000000004', '10000000-0000-4000-8000-000000000001', 'david.patel@pacificrealty.com', 'David', 'Patel', 'agent')
ON CONFLICT (id) DO NOTHING;

-- Team 2 Agents
INSERT INTO profiles (id, team_id, email, first_name, last_name, role) VALUES
('20000000-0000-4000-8000-000000000005', '10000000-0000-4000-8000-000000000002', 'emily.williams@bayarea.com', 'Emily', 'Williams', 'agent'),
('20000000-0000-4000-8000-000000000006', '10000000-0000-4000-8000-000000000002', 'james.brown@bayarea.com', 'James', 'Brown', 'agent'),
('20000000-0000-4000-8000-000000000007', '10000000-0000-4000-8000-000000000002', 'lisa.anderson@bayarea.com', 'Lisa', 'Anderson', 'agent')
ON CONFLICT (id) DO NOTHING;

-- Team 3 Agents
INSERT INTO profiles (id, team_id, email, first_name, last_name, role) VALUES
('20000000-0000-4000-8000-000000000008', '10000000-0000-4000-8000-000000000003', 'robert.taylor@coastal.com', 'Robert', 'Taylor', 'agent'),
('20000000-0000-4000-8000-000000000009', '10000000-0000-4000-8000-000000000003', 'maria.garcia@coastal.com', 'Maria', 'Garcia', 'agent')
ON CONFLICT (id) DO NOTHING;

-- ============================================================================
-- Properties
-- ============================================================================

-- Team 1 Properties
INSERT INTO properties (id, team_id, street, city, state, postal_code, unit, type, mls_id) VALUES
('30000000-0000-4000-8000-000000000001', '10000000-0000-4000-8000-000000000001', '123 Main Street', 'San Francisco', 'CA', '94102', NULL, 'condo', 'SF-12345'),
('30000000-0000-4000-8000-000000000002', '10000000-0000-4000-8000-000000000001', '456 Oak Avenue', 'Oakland', 'CA', '94601', '2B', 'condo', 'OAK-67890'),
('30000000-0000-4000-8000-000000000003', '10000000-0000-4000-8000-000000000001', '789 Pine Road', 'Berkeley', 'CA', '94704', NULL, 'sfr', 'BER-11111'),
('30000000-0000-4000-8000-000000000004', '10000000-0000-4000-8000-000000000001', '321 Elm Street', 'San Francisco', 'CA', '94110', NULL, 'townhouse', 'SF-22222'),
('30000000-0000-4000-8000-000000000005', '10000000-0000-4000-8000-000000000001', '654 Maple Drive', 'San Mateo', 'CA', '94401', NULL, 'sfr', 'SM-33333'),
('30000000-0000-4000-8000-000000000006', '10000000-0000-4000-8000-000000000001', '987 Cedar Lane', 'Palo Alto', 'CA', '94301', 'A', 'condo', 'PA-44444'),
('30000000-0000-4000-8000-000000000007', '10000000-0000-4000-8000-000000000001', '147 Birch Court', 'Redwood City', 'CA', '94063', NULL, 'sfr', 'RC-55555'),
('30000000-0000-4000-8000-000000000008', '10000000-0000-4000-8000-000000000001', '258 Spruce Way', 'Mountain View', 'CA', '94041', NULL, 'condo', 'MV-66666')
ON CONFLICT (id) DO NOTHING;

-- Team 2 Properties
INSERT INTO properties (id, team_id, street, city, state, postal_code, unit, type, mls_id) VALUES
('30000000-0000-4000-8000-000000000009', '10000000-0000-4000-8000-000000000002', '369 Willow Street', 'San Jose', 'CA', '95110', NULL, 'sfr', 'SJ-77777'),
('30000000-0000-4000-8000-000000000010', '10000000-0000-4000-8000-000000000002', '741 Ash Avenue', 'Fremont', 'CA', '94536', NULL, 'townhouse', 'FRE-88888'),
('30000000-0000-4000-8000-000000000011', '10000000-0000-4000-8000-000000000002', '852 Poplar Road', 'Hayward', 'CA', '94541', '3C', 'condo', 'HAY-99999'),
('30000000-0000-4000-8000-000000000012', '10000000-0000-4000-8000-000000000002', '963 Sycamore Drive', 'Union City', 'CA', '94587', NULL, 'sfr', 'UC-10101'),
('30000000-0000-4000-8000-000000000013', '10000000-0000-4000-8000-000000000002', '159 Magnolia Lane', 'Newark', 'CA', '94560', NULL, 'condo', 'NEW-20202')
ON CONFLICT (id) DO NOTHING;

-- Team 3 Properties
INSERT INTO properties (id, team_id, street, city, state, postal_code, unit, type, mls_id) VALUES
('30000000-0000-4000-8000-000000000014', '10000000-0000-4000-8000-000000000003', '357 Redwood Boulevard', 'Santa Cruz', 'CA', '95060', NULL, 'sfr', 'SC-30303'),
('30000000-0000-4000-8000-000000000015', '10000000-0000-4000-8000-000000000003', '468 Sequoia Street', 'Monterey', 'CA', '93940', NULL, 'condo', 'MON-40404'),
('30000000-0000-4000-8000-000000000016', '10000000-0000-4000-8000-000000000003', '579 Cypress Avenue', 'Carmel', 'CA', '93921', NULL, 'sfr', 'CAR-50505')
ON CONFLICT (id) DO NOTHING;

-- ============================================================================
-- Clients
-- ============================================================================

-- Team 1 Clients
INSERT INTO clients (id, team_id, first_name, last_name, email, phone, preferred_language) VALUES
('40000000-0000-4000-8000-000000000001', '10000000-0000-4000-8000-000000000001', 'John', 'Smith', 'john.smith@email.com', '415-555-0101', 'English'),
('40000000-0000-4000-8000-000000000002', '10000000-0000-4000-8000-000000000001', 'Emma', 'Johnson', 'emma.johnson@email.com', '415-555-0102', 'English'),
('40000000-0000-4000-8000-000000000003', '10000000-0000-4000-8000-000000000001', 'Carlos', 'Martinez', 'carlos.martinez@email.com', '510-555-0103', 'Spanish'),
('40000000-0000-4000-8000-000000000004', '10000000-0000-4000-8000-000000000001', 'Priya', 'Patel', 'priya.patel@email.com', '415-555-0104', 'English'),
('40000000-0000-4000-8000-000000000005', '10000000-0000-4000-8000-000000000001', 'Michael', 'Chen', 'michael.chen@email.com', '510-555-0105', 'English'),
('40000000-0000-4000-8000-000000000006', '10000000-0000-4000-8000-000000000001', 'Sophia', 'Williams', 'sophia.williams@email.com', '415-555-0106', 'English'),
('40000000-0000-4000-8000-000000000007', '10000000-0000-4000-8000-000000000001', 'Daniel', 'Lee', 'daniel.lee@email.com', '510-555-0107', 'English'),
('40000000-0000-4000-8000-000000000008', '10000000-0000-4000-8000-000000000001', 'Isabella', 'Garcia', 'isabella.garcia@email.com', '415-555-0108', 'Spanish'),
('40000000-0000-4000-8000-000000000009', '10000000-0000-4000-8000-000000000001', 'Alexander', 'Brown', 'alexander.brown@email.com', '510-555-0109', 'English'),
('40000000-0000-4000-8000-000000000010', '10000000-0000-4000-8000-000000000001', 'Olivia', 'Davis', 'olivia.davis@email.com', '415-555-0110', 'English'),
('40000000-0000-4000-8000-000000000011', '10000000-0000-4000-8000-000000000001', 'James', 'Wilson', 'james.wilson@email.com', '510-555-0111', 'English'),
('40000000-0000-4000-8000-000000000012', '10000000-0000-4000-8000-000000000001', 'Mia', 'Moore', 'mia.moore@email.com', '415-555-0112', 'English')
ON CONFLICT (id) DO NOTHING;

-- Team 2 Clients
INSERT INTO clients (id, team_id, first_name, last_name, email, phone, preferred_language) VALUES
('40000000-0000-4000-8000-000000000013', '10000000-0000-4000-8000-000000000002', 'Benjamin', 'Taylor', 'benjamin.taylor@email.com', '408-555-0201', 'English'),
('40000000-0000-4000-8000-000000000014', '10000000-0000-4000-8000-000000000002', 'Charlotte', 'Anderson', 'charlotte.anderson@email.com', '510-555-0202', 'English'),
('40000000-0000-4000-8000-000000000015', '10000000-0000-4000-8000-000000000002', 'Lucas', 'Thomas', 'lucas.thomas@email.com', '408-555-0203', 'English'),
('40000000-0000-4000-8000-000000000016', '10000000-0000-4000-8000-000000000002', 'Amelia', 'Jackson', 'amelia.jackson@email.com', '510-555-0204', 'English'),
('40000000-0000-4000-8000-000000000017', '10000000-0000-4000-8000-000000000002', 'Henry', 'White', 'henry.white@email.com', '408-555-0205', 'English'),
('40000000-0000-4000-8000-000000000018', '10000000-0000-4000-8000-000000000002', 'Ava', 'Harris', 'ava.harris@email.com', '510-555-0206', 'English'),
('40000000-0000-4000-8000-000000000019', '10000000-0000-4000-8000-000000000002', 'Ethan', 'Martin', 'ethan.martin@email.com', '408-555-0207', 'English'),
('40000000-0000-4000-8000-000000000020', '10000000-0000-4000-8000-000000000002', 'Harper', 'Thompson', 'harper.thompson@email.com', '510-555-0208', 'English')
ON CONFLICT (id) DO NOTHING;

-- Team 3 Clients
INSERT INTO clients (id, team_id, first_name, last_name, email, phone, preferred_language) VALUES
('40000000-0000-4000-8000-000000000021', '10000000-0000-4000-8000-000000000003', 'Noah', 'Garcia', 'noah.garcia@email.com', '831-555-0301', 'English'),
('40000000-0000-4000-8000-000000000022', '10000000-0000-4000-8000-000000000003', 'Ella', 'Martinez', 'ella.martinez@email.com', '831-555-0302', 'Spanish'),
('40000000-0000-4000-8000-000000000023', '10000000-0000-4000-8000-000000000003', 'William', 'Robinson', 'william.robinson@email.com', '831-555-0303', 'English')
ON CONFLICT (id) DO NOTHING;

-- ============================================================================
-- Agent Clients Relationships
-- ============================================================================

-- Team 1 Agent-Client relationships
INSERT INTO agent_clients (id, team_id, agent_id, client_id, role_on_client, is_primary) VALUES
('50000000-0000-4000-8000-000000000001', '10000000-0000-4000-8000-000000000001', '20000000-0000-4000-8000-000000000001', '40000000-0000-4000-8000-000000000001', 'primary', true),
('50000000-0000-4000-8000-000000000002', '10000000-0000-4000-8000-000000000001', '20000000-0000-4000-8000-000000000001', '40000000-0000-4000-8000-000000000002', 'primary', true),
('50000000-0000-4000-8000-000000000003', '10000000-0000-4000-8000-000000000001', '20000000-0000-4000-8000-000000000002', '40000000-0000-4000-8000-000000000003', 'primary', true),
('50000000-0000-4000-8000-000000000004', '10000000-0000-4000-8000-000000000001', '20000000-0000-4000-8000-000000000002', '40000000-0000-4000-8000-000000000004', 'primary', true),
('50000000-0000-4000-8000-000000000005', '10000000-0000-4000-8000-000000000001', '20000000-0000-4000-8000-000000000003', '40000000-0000-4000-8000-000000000005', 'primary', true),
('50000000-0000-4000-8000-000000000006', '10000000-0000-4000-8000-000000000001', '20000000-0000-4000-8000-000000000003', '40000000-0000-4000-8000-000000000006', 'primary', true),
('50000000-0000-4000-8000-000000000007', '10000000-0000-4000-8000-000000000001', '20000000-0000-4000-8000-000000000004', '40000000-0000-4000-8000-000000000007', 'primary', true),
('50000000-0000-4000-8000-000000000008', '10000000-0000-4000-8000-000000000001', '20000000-0000-4000-8000-000000000004', '40000000-0000-4000-8000-000000000008', 'primary', true),
('50000000-0000-4000-8000-000000000009', '10000000-0000-4000-8000-000000000001', '20000000-0000-4000-8000-000000000001', '40000000-0000-4000-8000-000000000009', 'primary', true),
('50000000-0000-4000-8000-000000000010', '10000000-0000-4000-8000-000000000001', '20000000-0000-4000-8000-000000000002', '40000000-0000-4000-8000-000000000010', 'primary', true),
('50000000-0000-4000-8000-000000000011', '10000000-0000-4000-8000-000000000001', '20000000-0000-4000-8000-000000000003', '40000000-0000-4000-8000-000000000011', 'primary', true),
('50000000-0000-4000-8000-000000000012', '10000000-0000-4000-8000-000000000001', '20000000-0000-4000-8000-000000000004', '40000000-0000-4000-8000-000000000012', 'primary', true)
ON CONFLICT (id) DO NOTHING;

-- Team 2 Agent-Client relationships
INSERT INTO agent_clients (id, team_id, agent_id, client_id, role_on_client, is_primary) VALUES
('50000000-0000-4000-8000-000000000013', '10000000-0000-4000-8000-000000000002', '20000000-0000-4000-8000-000000000005', '40000000-0000-4000-8000-000000000013', 'primary', true),
('50000000-0000-4000-8000-000000000014', '10000000-0000-4000-8000-000000000002', '20000000-0000-4000-8000-000000000005', '40000000-0000-4000-8000-000000000014', 'primary', true),
('50000000-0000-4000-8000-000000000015', '10000000-0000-4000-8000-000000000002', '20000000-0000-4000-8000-000000000006', '40000000-0000-4000-8000-000000000015', 'primary', true),
('50000000-0000-4000-8000-000000000016', '10000000-0000-4000-8000-000000000002', '20000000-0000-4000-8000-000000000006', '40000000-0000-4000-8000-000000000016', 'primary', true),
('50000000-0000-4000-8000-000000000017', '10000000-0000-4000-8000-000000000002', '20000000-0000-4000-8000-000000000007', '40000000-0000-4000-8000-000000000017', 'primary', true),
('50000000-0000-4000-8000-000000000018', '10000000-0000-4000-8000-000000000002', '20000000-0000-4000-8000-000000000007', '40000000-0000-4000-8000-000000000018', 'primary', true),
('50000000-0000-4000-8000-000000000019', '10000000-0000-4000-8000-000000000002', '20000000-0000-4000-8000-000000000005', '40000000-0000-4000-8000-000000000019', 'primary', true),
('50000000-0000-4000-8000-000000000020', '10000000-0000-4000-8000-000000000002', '20000000-0000-4000-8000-000000000006', '40000000-0000-4000-8000-000000000020', 'primary', true)
ON CONFLICT (id) DO NOTHING;

-- Team 3 Agent-Client relationships
INSERT INTO agent_clients (id, team_id, agent_id, client_id, role_on_client, is_primary) VALUES
('50000000-0000-4000-8000-000000000021', '10000000-0000-4000-8000-000000000003', '20000000-0000-4000-8000-000000000008', '40000000-0000-4000-8000-000000000021', 'primary', true),
('50000000-0000-4000-8000-000000000022', '10000000-0000-4000-8000-000000000003', '20000000-0000-4000-8000-000000000008', '40000000-0000-4000-8000-000000000022', 'primary', true),
('50000000-0000-4000-8000-000000000023', '10000000-0000-4000-8000-000000000003', '20000000-0000-4000-8000-000000000009', '40000000-0000-4000-8000-000000000023', 'primary', true)
ON CONFLICT (id) DO NOTHING;

-- ============================================================================
-- Deals (with varied statuses)
-- ============================================================================

-- Team 1 Deals
INSERT INTO deals (id, team_id, property_address, property_id, side, status, price, loan_type, down_payment_percent, close_date, primary_agent_id, created_by, coe_date) VALUES
('60000000-0000-4000-8000-000000000001', '10000000-0000-4000-8000-000000000001', '123 Main Street, San Francisco, CA', '30000000-0000-4000-8000-000000000001', 'buying', 'in_escrow', 850000.00, 'conventional', 20.00, '2024-12-15', '20000000-0000-4000-8000-000000000001', '20000000-0000-4000-8000-000000000001', '2024-12-15'),
('60000000-0000-4000-8000-000000000002', '10000000-0000-4000-8000-000000000001', '456 Oak Avenue, Oakland, CA', '30000000-0000-4000-8000-000000000002', 'buying', 'pending_contingencies', 650000.00, 'fha', 3.50, '2024-12-20', '20000000-0000-4000-8000-000000000002', '20000000-0000-4000-8000-000000000002', '2024-12-20'),
('60000000-0000-4000-8000-000000000003', '10000000-0000-4000-8000-000000000001', '789 Pine Road, Berkeley, CA', '30000000-0000-4000-8000-000000000003', 'listing', 'under_contract', 1200000.00, NULL, NULL, '2024-12-10', '20000000-0000-4000-8000-000000000003', '20000000-0000-4000-8000-000000000003', '2024-12-10'),
('60000000-0000-4000-8000-000000000004', '10000000-0000-4000-8000-000000000001', '321 Elm Street, San Francisco, CA', '30000000-0000-4000-8000-000000000004', 'buying', 'searching', NULL, NULL, NULL, NULL, '20000000-0000-4000-8000-000000000004', '20000000-0000-4000-8000-000000000004', NULL),
('60000000-0000-4000-8000-000000000005', '10000000-0000-4000-8000-000000000001', '654 Maple Drive, San Mateo, CA', '30000000-0000-4000-8000-000000000005', 'buying', 'lead', NULL, NULL, NULL, NULL, '20000000-0000-4000-8000-000000000001', '20000000-0000-4000-8000-000000000001', NULL),
('60000000-0000-4000-8000-000000000006', '10000000-0000-4000-8000-000000000001', '987 Cedar Lane, Palo Alto, CA', '30000000-0000-4000-8000-000000000006', 'buying', 'closed', 950000.00, 'conventional', 25.00, '2024-11-15', '20000000-0000-4000-8000-000000000002', '20000000-0000-4000-8000-000000000002', '2024-11-15'),
('60000000-0000-4000-8000-000000000007', '10000000-0000-4000-8000-000000000001', '147 Birch Court, Redwood City, CA', '30000000-0000-4000-8000-000000000007', 'listing', 'pending', 1100000.00, NULL, NULL, '2024-12-25', '20000000-0000-4000-8000-000000000003', '20000000-0000-4000-8000-000000000003', '2024-12-25'),
('60000000-0000-4000-8000-000000000008', '10000000-0000-4000-8000-000000000001', '258 Spruce Way, Mountain View, CA', '30000000-0000-4000-8000-000000000008', 'buying', 'in_escrow', 750000.00, 'va', 0.00, '2025-01-05', '20000000-0000-4000-8000-000000000004', '20000000-0000-4000-8000-000000000004', '2025-01-05')
ON CONFLICT (id) DO NOTHING;

-- Team 2 Deals
INSERT INTO deals (id, team_id, property_address, property_id, side, status, price, loan_type, down_payment_percent, close_date, primary_agent_id, created_by, coe_date) VALUES
('60000000-0000-4000-8000-000000000009', '10000000-0000-4000-8000-000000000002', '369 Willow Street, San Jose, CA', '30000000-0000-4000-8000-000000000009', 'buying', 'in_escrow', 680000.00, 'conventional', 20.00, '2024-12-18', '20000000-0000-4000-8000-000000000005', '20000000-0000-4000-8000-000000000005', '2024-12-18'),
('60000000-0000-4000-8000-000000000010', '10000000-0000-4000-8000-000000000002', '741 Ash Avenue, Fremont, CA', '30000000-0000-4000-8000-000000000010', 'listing', 'pending_contingencies', 820000.00, NULL, NULL, '2024-12-22', '20000000-0000-4000-8000-000000000006', '20000000-0000-4000-8000-000000000006', '2024-12-22'),
('60000000-0000-4000-8000-000000000011', '10000000-0000-4000-8000-000000000002', '852 Poplar Road, Hayward, CA', '30000000-0000-4000-8000-000000000011', 'buying', 'searching', NULL, NULL, NULL, NULL, '20000000-0000-4000-8000-000000000007', '20000000-0000-4000-8000-000000000007', NULL),
('60000000-0000-4000-8000-000000000012', '10000000-0000-4000-8000-000000000002', '963 Sycamore Drive, Union City, CA', '30000000-0000-4000-8000-000000000012', 'buying', 'closed', 590000.00, 'fha', 3.50, '2024-11-20', '20000000-0000-4000-8000-000000000005', '20000000-0000-4000-8000-000000000005', '2024-11-20'),
('60000000-0000-4000-8000-000000000013', '10000000-0000-4000-8000-000000000002', '159 Magnolia Lane, Newark, CA', '30000000-0000-4000-8000-000000000013', 'listing', 'in_escrow', 720000.00, NULL, NULL, '2025-01-10', '20000000-0000-4000-8000-000000000006', '20000000-0000-4000-8000-000000000006', '2025-01-10')
ON CONFLICT (id) DO NOTHING;

-- Team 3 Deals
INSERT INTO deals (id, team_id, property_address, property_id, side, status, price, loan_type, down_payment_percent, close_date, primary_agent_id, created_by, coe_date) VALUES
('60000000-0000-4000-8000-000000000014', '10000000-0000-4000-8000-000000000003', '357 Redwood Boulevard, Santa Cruz, CA', '30000000-0000-4000-8000-000000000014', 'buying', 'in_escrow', 980000.00, 'conventional', 30.00, '2024-12-30', '20000000-0000-4000-8000-000000000008', '20000000-0000-4000-8000-000000000008', '2024-12-30'),
('60000000-0000-4000-8000-000000000015', '10000000-0000-4000-8000-000000000003', '468 Sequoia Street, Monterey, CA', '30000000-0000-4000-8000-000000000015', 'listing', 'pending', 1150000.00, NULL, NULL, '2025-01-15', '20000000-0000-4000-8000-000000000009', '20000000-0000-4000-8000-000000000009', '2025-01-15')
ON CONFLICT (id) DO NOTHING;

-- ============================================================================
-- Deal Milestones
-- ============================================================================

INSERT INTO deal_milestones (id, deal_id, type, due_date, completed_at) VALUES
('70000000-0000-4000-8000-000000000001', '60000000-0000-4000-8000-000000000001', 'inspection', '2024-11-25', '2024-11-24'),
('70000000-0000-4000-8000-000000000002', '60000000-0000-4000-8000-000000000001', 'appraisal', '2024-12-01', '2024-11-30'),
('70000000-0000-4000-8000-000000000003', '60000000-0000-4000-8000-000000000001', 'loan_contingency', '2024-12-05', '2024-12-04'),
('70000000-0000-4000-8000-000000000004', '60000000-0000-4000-8000-000000000001', 'final_walkthrough', '2024-12-12', NULL),
('70000000-0000-4000-8000-000000000005', '60000000-0000-4000-8000-000000000001', 'closing', '2024-12-15', NULL),
('70000000-0000-4000-8000-000000000006', '60000000-0000-4000-8000-000000000002', 'inspection', '2024-12-10', NULL),
('70000000-0000-4000-8000-000000000007', '60000000-0000-4000-8000-000000000002', 'appraisal', '2024-12-15', NULL),
('70000000-0000-4000-8000-000000000008', '60000000-0000-4000-8000-000000000003', 'inspection', '2024-11-20', '2024-11-19'),
('70000000-0000-4000-8000-000000000009', '60000000-0000-4000-8000-000000000003', 'hoa_review', '2024-11-25', '2024-11-24'),
('70000000-0000-4000-8000-000000000010', '60000000-0000-4000-8000-000000000008', 'inspection', '2024-12-20', NULL),
('70000000-0000-4000-8000-000000000011', '60000000-0000-4000-8000-000000000009', 'inspection', '2024-12-05', '2024-12-04'),
('70000000-0000-4000-8000-000000000012', '60000000-0000-4000-8000-000000000009', 'loan_contingency', '2024-12-12', NULL),
('70000000-0000-4000-8000-000000000013', '60000000-0000-4000-8000-000000000014', 'inspection', '2024-12-15', '2024-12-14'),
('70000000-0000-4000-8000-000000000014', '60000000-0000-4000-8000-000000000014', 'appraisal', '2024-12-20', NULL),
('70000000-0000-4000-8000-000000000015', '60000000-0000-4000-8000-000000000014', 'closing', '2024-12-30', NULL)
ON CONFLICT (id) DO NOTHING;

-- ============================================================================
-- Deal Tasks (with client_id linkage)
-- ============================================================================

INSERT INTO deal_tasks (id, deal_id, client_id, assigned_to, title, description, due_date, completed_at, created_by, owner_type, is_internal) VALUES
('80000000-0000-4000-8000-000000000001', '60000000-0000-4000-8000-000000000001', '40000000-0000-4000-8000-000000000001', '20000000-0000-4000-8000-000000000001', 'Verify EMD Receipt', 'Confirm earnest money deposit has been received', '2024-11-20', '2024-11-19', '20000000-0000-4000-8000-000000000001', 'agent', false),
('80000000-0000-4000-8000-000000000002', '60000000-0000-4000-8000-000000000001', '40000000-0000-4000-8000-000000000001', '20000000-0000-4000-8000-000000000001', 'Schedule Final Walkthrough', 'Coordinate final walkthrough with buyer', '2024-12-12', NULL, '20000000-0000-4000-8000-000000000001', 'agent', false),
('80000000-0000-4000-8000-000000000003', '60000000-0000-4000-8000-000000000001', '40000000-0000-4000-8000-000000000001', NULL, 'Submit Loan Documents', 'Provide all required documents to lender', '2024-11-28', NULL, '20000000-0000-4000-8000-000000000001', 'client', false),
('80000000-0000-4000-8000-000000000004', '60000000-0000-4000-8000-000000000002', '40000000-0000-4000-8000-000000000003', '20000000-0000-4000-8000-000000000002', 'Review Inspection Report', 'Review and respond to inspection findings', '2024-12-08', NULL, '20000000-0000-4000-8000-000000000002', 'agent', false),
('80000000-0000-4000-8000-000000000005', '60000000-0000-4000-8000-000000000002', '40000000-0000-4000-8000-000000000003', NULL, 'Complete Loan Application', 'Finish loan application with lender', '2024-12-05', '2024-12-04', '20000000-0000-4000-8000-000000000002', 'client', false),
('80000000-0000-4000-8000-000000000006', '60000000-0000-4000-8000-000000000003', '40000000-0000-4000-8000-000000000005', '20000000-0000-4000-8000-000000000003', 'Complete Seller Disclosures', 'Prepare and deliver all required disclosures', '2024-11-18', '2024-11-17', '20000000-0000-4000-8000-000000000003', 'agent', false),
('80000000-0000-4000-8000-000000000007', '60000000-0000-4000-8000-000000000003', '40000000-0000-4000-8000-000000000005', NULL, 'Schedule Repairs', 'Coordinate any agreed-upon repairs', '2024-11-22', NULL, '20000000-0000-4000-8000-000000000003', 'client', false),
('80000000-0000-4000-8000-000000000008', '60000000-0000-4000-8000-000000000004', '40000000-0000-4000-8000-000000000007', '20000000-0000-4000-8000-000000000004', 'Property Search Follow-up', 'Follow up on property viewings', '2024-12-01', NULL, '20000000-0000-4000-8000-000000000004', 'agent', true),
('80000000-0000-4000-8000-000000000009', '60000000-0000-4000-8000-000000000006', '40000000-0000-4000-8000-000000000002', '20000000-0000-4000-8000-000000000002', 'Post-Close Follow-up', 'Follow up with client after closing', '2024-11-22', '2024-11-21', '20000000-0000-4000-8000-000000000002', 'agent', false),
('80000000-0000-4000-8000-000000000010', '60000000-0000-4000-8000-000000000008', '40000000-0000-4000-8000-000000000010', '20000000-0000-4000-8000-000000000004', 'Verify VA Loan Documents', 'Confirm all VA loan requirements met', '2024-12-28', NULL, '20000000-0000-4000-8000-000000000004', 'agent', false),
('80000000-0000-4000-8000-000000000011', '60000000-0000-4000-8000-000000000008', '40000000-0000-4000-8000-000000000010', NULL, 'Provide VA Certificate', 'Submit VA certificate of eligibility', '2024-12-15', NULL, '20000000-0000-4000-8000-000000000004', 'client', false),
('80000000-0000-4000-8000-000000000012', '60000000-0000-4000-8000-000000000009', '40000000-0000-4000-8000-000000000013', '20000000-0000-4000-8000-000000000005', 'Coordinate Appraisal', 'Schedule and coordinate property appraisal', '2024-12-10', NULL, '20000000-0000-4000-8000-000000000005', 'agent', false),
('80000000-0000-4000-8000-000000000013', '60000000-0000-4000-8000-000000000010', '40000000-0000-4000-8000-000000000014', '20000000-0000-4000-8000-000000000006', 'Review Counter Offer', 'Review and respond to buyer counter offer', '2024-12-12', NULL, '20000000-0000-4000-8000-000000000006', 'agent', false),
('80000000-0000-4000-8000-000000000014', '60000000-0000-4000-8000-000000000014', '40000000-0000-4000-8000-000000000021', '20000000-0000-4000-8000-000000000008', 'Final Walkthrough Scheduled', 'Confirm final walkthrough date and time', '2024-12-28', NULL, '20000000-0000-4000-8000-000000000008', 'agent', false)
ON CONFLICT (id) DO NOTHING;

-- ============================================================================
-- Notes
-- ============================================================================

INSERT INTO notes (id, team_id, client_id, deal_id, author_profile_id, body, is_internal) VALUES
('90000000-0000-4000-8000-000000000001', '10000000-0000-4000-8000-000000000001', '40000000-0000-4000-8000-000000000001', '60000000-0000-4000-8000-000000000001', '20000000-0000-4000-8000-000000000001', 'Client is very excited about the property. EMD submitted on time.', false),
('90000000-0000-4000-8000-000000000002', '10000000-0000-4000-8000-000000000001', '40000000-0000-4000-8000-000000000001', '60000000-0000-4000-8000-000000000001', '20000000-0000-4000-8000-000000000001', 'Inspection completed with minor issues. Buyer requesting repairs.', true),
('90000000-0000-4000-8000-000000000003', '10000000-0000-4000-8000-000000000001', '40000000-0000-4000-8000-000000000002', '60000000-0000-4000-8000-000000000006', '20000000-0000-4000-8000-000000000002', 'Deal closed successfully. Client very satisfied.', false),
('90000000-0000-4000-8000-000000000004', '10000000-0000-4000-8000-000000000001', '40000000-0000-4000-8000-000000000003', '60000000-0000-4000-8000-000000000002', '20000000-0000-4000-8000-000000000002', 'FHA loan approval pending. Waiting on lender response.', true),
('90000000-0000-4000-8000-000000000005', '10000000-0000-4000-8000-000000000001', '40000000-0000-4000-8000-000000000005', '60000000-0000-4000-8000-000000000003', '20000000-0000-4000-8000-000000000003', 'Seller disclosures completed and delivered to buyer.', false),
('90000000-0000-4000-8000-000000000006', '10000000-0000-4000-8000-000000000001', '40000000-0000-4000-8000-000000000007', NULL, '20000000-0000-4000-8000-000000000004', 'Client looking for 2-bedroom condo in SF. Budget up to $700k.', false),
('90000000-0000-4000-8000-000000000007', '10000000-0000-4000-8000-000000000001', '40000000-0000-4000-8000-000000000010', '60000000-0000-4000-8000-000000000008', '20000000-0000-4000-8000-000000000004', 'VA loan approved. Proceeding with closing process.', false),
('90000000-0000-4000-8000-000000000008', '10000000-0000-4000-8000-000000000002', '40000000-0000-4000-8000-000000000013', '60000000-0000-4000-8000-000000000009', '20000000-0000-4000-8000-000000000005', 'Appraisal came in at contract price. Loan moving forward.', false),
('90000000-0000-4000-8000-000000000009', '10000000-0000-4000-8000-000000000002', '40000000-0000-4000-8000-000000000014', '60000000-0000-4000-8000-000000000010', '20000000-0000-4000-8000-000000000006', 'Counter offer submitted. Waiting for buyer response.', true),
('90000000-0000-4000-8000-000000000010', '10000000-0000-4000-8000-000000000003', '40000000-0000-4000-8000-000000000021', '60000000-0000-4000-8000-000000000014', '20000000-0000-4000-8000-000000000008', 'Inspection completed successfully. No major issues found.', false),
('90000000-0000-4000-8000-000000000011', '10000000-0000-4000-8000-000000000001', '40000000-0000-4000-8000-000000000001', '60000000-0000-4000-8000-000000000001', '20000000-0000-4000-8000-000000000001', 'Lender requesting additional documentation. Following up.', true),
('90000000-0000-4000-8000-000000000012', '10000000-0000-4000-8000-000000000002', '40000000-0000-4000-8000-000000000015', '60000000-0000-4000-8000-000000000012', '20000000-0000-4000-8000-000000000005', 'Deal closed successfully. Keys handed over to buyer.', false)
ON CONFLICT (id) DO NOTHING;

-- ============================================================================
-- Alerts
-- ============================================================================

INSERT INTO alerts (id, deal_id, type, level, message, is_read) VALUES
('a0000000-0000-4000-8000-000000000001', '60000000-0000-4000-8000-000000000001', 'closing_soon', 'warning', 'Closing date is approaching in 3 days', false),
('a0000000-0000-4000-8000-000000000002', '60000000-0000-4000-8000-000000000002', 'overdue_task', 'critical', 'Task "Review Inspection Report" is overdue', false),
('a0000000-0000-4000-8000-000000000003', '60000000-0000-4000-8000-000000000002', 'missing_doc', 'warning', 'Loan application documents missing', false),
('a0000000-0000-4000-8000-000000000004', '60000000-0000-4000-8000-000000000003', 'closing_soon', 'info', 'Closing scheduled for next week', true),
('a0000000-0000-4000-8000-000000000005', '60000000-0000-4000-8000-000000000008', 'overdue_task', 'critical', 'Task "Provide VA Certificate" is overdue', false),
('a0000000-0000-4000-8000-000000000006', '60000000-0000-4000-8000-000000000009', 'closing_soon', 'warning', 'Closing date is approaching in 5 days', false),
('a0000000-0000-4000-8000-000000000007', '60000000-0000-4000-8000-000000000010', 'missing_doc', 'warning', 'Counter offer response pending', false),
('a0000000-0000-4000-8000-000000000008', '60000000-0000-4000-8000-000000000014', 'closing_soon', 'info', 'Closing scheduled for end of month', true)
ON CONFLICT (id) DO NOTHING;

-- ============================================================================
-- Doc Packet Documents
-- ============================================================================

-- Create doc packets first
INSERT INTO doc_packets (id, deal_id, name, status) VALUES
('b0000000-0000-4000-8000-000000000001', '60000000-0000-4000-8000-000000000001', 'Purchase Agreement Package', 'completed'),
('b0000000-0000-4000-8000-000000000002', '60000000-0000-4000-8000-000000000001', 'Disclosure Package', 'completed'),
('b0000000-0000-4000-8000-000000000003', '60000000-0000-4000-8000-000000000002', 'Purchase Agreement Package', 'draft'),
('b0000000-0000-4000-8000-000000000004', '60000000-0000-4000-8000-000000000003', 'Seller Disclosures', 'completed'),
('b0000000-0000-4000-8000-000000000005', '60000000-0000-4000-8000-000000000006', 'Closing Documents', 'completed'),
('b0000000-0000-4000-8000-000000000006', '60000000-0000-4000-8000-000000000008', 'VA Loan Documents', 'draft'),
('b0000000-0000-4000-8000-000000000007', '60000000-0000-4000-8000-000000000009', 'Purchase Agreement Package', 'completed'),
('b0000000-0000-4000-8000-000000000008', '60000000-0000-4000-8000-000000000010', 'Counter Offer Package', 'draft'),
('b0000000-0000-4000-8000-000000000009', '60000000-0000-4000-8000-000000000012', 'Closing Documents', 'completed'),
('b0000000-0000-4000-8000-000000000010', '60000000-0000-4000-8000-000000000014', 'Purchase Agreement Package', 'completed')
ON CONFLICT (id) DO NOTHING;

-- Doc Packet Documents with deal_id and client_id
INSERT INTO doc_packet_documents (id, doc_packet_id, deal_id, client_id, name, file_url, doc_type) VALUES
('c0000000-0000-4000-8000-000000000001', 'b0000000-0000-4000-8000-000000000001', '60000000-0000-4000-8000-000000000001', '40000000-0000-4000-8000-000000000001', 'Purchase Agreement v1', 'https://example.com/docs/pa1.pdf', 'purchase_agreement'),
('c0000000-0000-4000-8000-000000000002', 'b0000000-0000-4000-8000-000000000001', '60000000-0000-4000-8000-000000000001', '40000000-0000-4000-8000-000000000001', 'Addendum 1', 'https://example.com/docs/add1.pdf', 'addendum'),
('c0000000-0000-4000-8000-000000000003', 'b0000000-0000-4000-8000-000000000002', '60000000-0000-4000-8000-000000000001', '40000000-0000-4000-8000-000000000001', 'Seller Disclosures', 'https://example.com/docs/disclosures.pdf', 'disclosure'),
('c0000000-0000-4000-8000-000000000004', 'b0000000-0000-4000-8000-000000000003', '60000000-0000-4000-8000-000000000002', '40000000-0000-4000-8000-000000000003', 'Purchase Agreement v1', 'https://example.com/docs/pa2.pdf', 'purchase_agreement'),
('c0000000-0000-4000-8000-000000000005', 'b0000000-0000-4000-8000-000000000004', '60000000-0000-4000-8000-000000000003', '40000000-0000-4000-8000-000000000005', 'Seller Property Disclosure', 'https://example.com/docs/spd.pdf', 'disclosure'),
('c0000000-0000-4000-8000-000000000006', 'b0000000-0000-4000-8000-000000000005', '60000000-0000-4000-8000-000000000006', '40000000-0000-4000-8000-000000000002', 'Closing Statement', 'https://example.com/docs/closing.pdf', 'disclosure'),
('c0000000-0000-4000-8000-000000000007', 'b0000000-0000-4000-8000-000000000006', '60000000-0000-4000-8000-000000000008', '40000000-0000-4000-8000-000000000010', 'VA Certificate of Eligibility', 'https://example.com/docs/va-cert.pdf', 'disclosure'),
('c0000000-0000-4000-8000-000000000008', 'b0000000-0000-4000-8000-000000000007', '60000000-0000-4000-8000-000000000009', '40000000-0000-4000-8000-000000000013', 'Purchase Agreement v1', 'https://example.com/docs/pa3.pdf', 'purchase_agreement'),
('c0000000-0000-4000-8000-000000000009', 'b0000000-0000-4000-8000-000000000008', '60000000-0000-4000-8000-000000000010', '40000000-0000-4000-8000-000000000014', 'Counter Offer', 'https://example.com/docs/counter.pdf', 'counter_offer'),
('c0000000-0000-4000-8000-000000000010', 'b0000000-0000-4000-8000-000000000009', '60000000-0000-4000-8000-000000000012', '40000000-0000-4000-8000-000000000015', 'Closing Documents', 'https://example.com/docs/closing2.pdf', 'disclosure'),
('c0000000-0000-4000-8000-000000000011', 'b0000000-0000-4000-8000-000000000010', '60000000-0000-4000-8000-000000000014', '40000000-0000-4000-8000-000000000021', 'Purchase Agreement v1', 'https://example.com/docs/pa4.pdf', 'purchase_agreement'),
('c0000000-0000-4000-8000-000000000012', 'b0000000-0000-4000-8000-000000000010', '60000000-0000-4000-8000-000000000014', '40000000-0000-4000-8000-000000000021', 'Inspection Report', 'https://example.com/docs/inspection.pdf', 'inspection_report'),
('c0000000-0000-4000-8000-000000000013', 'b0000000-0000-4000-8000-000000000010', '60000000-0000-4000-8000-000000000014', '40000000-0000-4000-8000-000000000021', 'Appraisal Report', 'https://example.com/docs/appraisal.pdf', 'appraisal')
ON CONFLICT (id) DO NOTHING;

